Timestamp,What new wod is Theo using?,What language?,Date?
9/10/2018 21:29:40,"Dog (""woh woh"", Most gound animals)",Chinese,9/2/2017
1/20/2018 20:47:36,Milk,Sign,9/4/2017
1/20/2018 20:48:05,Cat,Sign,9/20/2017
1/20/2018 20:48:35,Moe,Sign,9/28/2017
9/10/2018 21:31:40,Bye bye,Sign,9/29/2017
10/29/2017 17:31:41,Dop (di joh),Chinese,10/5/2017
9/10/2018 21:25:41,Clapping,Sign,10/5/2017
10/29/2017 17:31:41,Hee (ni doh),Chinese,10/29/2017
1/20/2018 20:52:31,Hot,Sign,12/3/2017
1/20/2018 20:39:13,Bath,Sign,12/8/2017
1/20/2018 20:52:31,Down,Sign,12/15/2017
1/20/2018 20:52:31,Lion,Animal Sound,12/17/2017
1/20/2018 20:52:31,Gandma (poh poh),Chinese,12/17/2017
1/20/2018 20:52:31,Mama,Chinese,12/17/2017
1/20/2018 20:52:31,Dada,English,12/17/2017
12/17/2017 0:00:00,Monkey,Sign,12/17/2017
1/20/2018 20:52:31,Book,Sign,12/17/2017
1/20/2018 20:52:31,Food,Sign,12/17/2017
1/20/2018 20:52:31,Pain,Sign,12/17/2017
1/20/2018 20:52:31,Phone,Sign,12/17/2017
1/20/2018 20:52:31,Whee,Sign,12/17/2017
12/26/2017 0:00:00,Sleep,Sign,12/26/2017
1/20/2018 20:52:31,Dog,Sign,12/28/2017
1/20/2018 20:37:40,abbit,Sign,1/8/2018
1/20/2018 20:38:20,Elephant,Sign,1/8/2018
1/20/2018 20:35:53,Ball,English,1/11/2018
1/20/2018 20:38:51,Hand Washing,Sign,1/11/2018
1/26/2018 20:16:07,Gandma (ama),English,1/13/2018
1/16/2018 0:00:00,Kiss,Sign,1/16/2018
1/20/2018 20:52:31,Little bother (di di),Chinese,1/17/2018
1/20/2018 20:37:08,Goilla,Sign,1/18/2018
1/20/2018 20:52:31,Snake,Sign,1/18/2018
1/20/2018 20:36:42,Dog (gau),Chinese,1/20/2018
1/21/2018 7:45:12,Cookie,Spanish,1/20/2018
1/22/2018 0:00:00,Dance,Sign,1/22/2018
2/22/2018 7:49:58,abbit,Sign,1/24/2018
1/26/2018 19:53:51,Bead (bao),Chinese,1/25/2018
1/29/2018 16:34:38,Dog (gau),Chinese,1/29/2018
1/31/2018 19:55:10,Baboon (baba),English,1/31/2018
2/13/2018 7:48:51,Lie down,Sign,2/1/2018
2/4/2018 16:29:52,Cow,Animal Sound,2/2/2018
2/2/2018 19:23:31,Ca (tche),Chinese,2/2/2018
2/4/2018 16:28:19,Twinkle twinkle little sta,Sign,2/3/2018
2/13/2018 8:27:17,Pig,Sign,2/4/2018
2/5/2018 9:30:12,Google,English,2/5/2018
2/8/2018 18:28:01,Google,English,2/5/2018
2/9/2018 17:52:48,Wist watch,Sign,2/9/2018
3/18/2018 13:40:37,Bid (Caw),Animal Sound,2/14/2018
2/15/2018 16:12:15,Thank you (tse tse),Chinese,2/15/2018
2/16/2018 14:34:15,Thank you (tse tse),Chinese,2/16/2018
2/18/2018 6:58:51,Cow,Animal Sound,2/17/2018
2/18/2018 9:24:17,Duck,Animal Sound,2/18/2018
2/22/2018 7:50:14,Pig,Animal Sound,2/21/2018
2/22/2018 7:48:56,Duck (quck),Chinese,2/21/2018
2/21/2018 7:10:13,Uh oh,English,2/21/2018
2/23/2018 18:15:48,Nose,English,2/23/2018
2/28/2018 8:11:29,Mat mat (wipe),Chinese,2/27/2018
2/28/2018 7:30:02,Tickle,English,2/27/2018
3/10/2018 12:47:31,Tutle,English,3/5/2018
3/7/2018 17:23:32,Cold,Sign,3/6/2018
3/18/2018 11:08:31,Violin,Sign,3/6/2018
3/13/2018 19:34:46,Wate,English,3/7/2018
3/16/2018 8:55:04,Pooh bea,English,3/8/2018
3/14/2018 7:32:40,Bush teeth,Sign,3/8/2018
3/14/2018 7:32:56,Violin,Sign,3/9/2018
3/20/2018 8:21:11,Wate,Spanish,3/12/2018
3/30/2018 20:30:39,Dan (egg),Chinese,3/14/2018
3/16/2018 23:50:50,Bye bye,English,3/16/2018
3/20/2018 8:20:51,hino (rubs nose),Sign,3/20/2018
3/20/2018 8:21:27,Fly (wave hands),Sign,3/20/2018
3/24/2018 12:08:15,Tukey (Gooble ga),Animal Sound,3/24/2018
4/1/2018 9:12:51,Melon (gwa),Chinese,3/28/2018
3/29/2018 8:04:40,Daw (wak),Chinese,3/29/2018
4/7/2018 6:59:49,Wate,Spanish,4/1/2018
4/4/2018 16:38:11,Cut (titi),Chinese,4/4/2018
4/5/2018 10:01:30,Owl,Animal Sound,4/5/2018
4/14/2018 6:57:17,Yummy,Sign,4/7/2018
4/10/2018 18:10:15,Ove there (gah doh),Chinese,4/10/2018
4/11/2018 14:43:24,Sock (mat),Chinese,4/11/2018
4/12/2018 16:11:56,aisin,Chinese,4/12/2018
4/14/2018 13:34:12,Poke (dot),Chinese,4/14/2018
4/17/2018 7:48:23,Knife (dou),Chinese,4/17/2018
4/21/2018 8:43:25,Poop (boot boot),Chinese,4/18/2018
4/20/2018 7:15:14,Banana (tsu),Chinese,4/20/2018
4/26/2018 17:57:46,Open/tun on,Sign,4/23/2018
5/3/2018 18:23:21,Pick up (po),Chinese,4/29/2018
5/1/2018 19:11:50,Moon,English,4/30/2018
5/13/2018 10:08:33,Scaed,Sign,5/3/2018
5/5/2018 9:11:01,Baby,English,5/5/2018
5/5/2018 19:34:28,Belly button,English,5/5/2018
5/6/2018 7:36:06,Nose,English,5/6/2018
5/7/2018 7:03:27,Banana (tsu),Chinese,5/7/2018
5/10/2018 18:14:32,Choo choo,English,5/7/2018
5/12/2018 8:03:58,Moe,English,5/8/2018
5/9/2018 16:32:27,Bubble,English,5/9/2018
5/11/2018 19:30:55,Nose,English,5/9/2018
5/12/2018 16:01:54,Moe,English,5/10/2018
5/13/2018 12:31:52,Choo choo,English,5/11/2018
5/11/2018 19:31:23,Quiet,Sign,5/11/2018
5/12/2018 16:00:48,Tickle,English,5/12/2018
5/12/2018 17:36:54,Cheese (photo),English,5/12/2018
5/13/2018 9:33:49,Hose (ma),Chinese,5/13/2018
5/13/2018 15:55:49,Knife (dou),Chinese,5/13/2018
5/18/2018 18:41:45,Hose,Animal Sound,5/16/2018
6/3/2018 10:52:42,Pants (fu),Chinese,5/16/2018
5/30/2018 9:19:42,Cheese (photo),English,5/23/2018
5/25/2018 22:07:19,Fog,Animal Sound,5/25/2018
5/30/2018 16:37:40,Bowl,English,5/30/2018
5/30/2018 19:28:00,Book,English,5/30/2018
5/31/2018 18:37:07,Beep,English,5/31/2018
6/3/2018 9:12:27,Beep,English,6/1/2018
6/2/2018 9:00:01,Plate,Chinese,6/2/2018
6/2/2018 17:44:59,Sit,English,6/2/2018
6/3/2018 8:19:22,ow,English,6/3/2018
6/4/2018 21:31:00,Olde sister (dada),Chinese,6/4/2018
6/5/2018 18:30:35,9,Chinese,6/5/2018
6/5/2018 19:08:28,Pet (butt),Chinese,6/5/2018
7/7/2018 10:32:09,Cying,Sign,6/6/2018
6/8/2018 13:40:21,9,Chinese,6/7/2018
6/8/2018 13:39:18,Down (det dee),Chinese,6/8/2018
6/8/2018 17:57:55,Spoon,English,6/8/2018
6/9/2018 12:31:24,Blue,English,6/8/2018
6/9/2018 12:31:24,Geen,English,6/9/2018
6/9/2018 12:31:41,Yellow,English,6/9/2018
6/9/2018 19:16:57,ed,English,6/9/2018
6/11/2018 17:53:40,Olde brother (gock gock),Chinese,6/11/2018
6/12/2018 20:58:04,Me (nough),Chinese,6/12/2018
6/12/2018 20:57:34,Yellow,English,6/12/2018
6/12/2018 20:57:46,Me,English,6/12/2018
6/16/2018 17:54:23,Me,English,6/13/2018
6/25/2018 8:36:05,Cying,Sign,6/13/2018
6/14/2018 11:21:57,Bone,Chinese,6/14/2018
6/16/2018 17:37:47,Milk (nie nie),Chinese,6/16/2018
6/17/2018 17:55:17,Dog,Animal Sound,6/17/2018
6/17/2018 15:16:46,Pen (but),Chinese,6/17/2018
6/18/2018 17:38:14,Tutle (guwi),Chinese,6/18/2018
6/18/2018 17:46:28,6,Chinese,6/18/2018
6/19/2018 15:12:44,Chicken,Chinese,6/19/2018
6/19/2018 21:22:58,Full (bao),Chinese,6/19/2018
6/19/2018 21:23:55,8,Chinese,6/19/2018
6/19/2018 21:25:03,Jump,Chinese,6/19/2018
6/19/2018 21:31:14,Get down (lok li),Chinese,6/19/2018
6/20/2018 7:35:53,Noodle (nien),English,6/19/2018
6/20/2018 15:35:15,2,English,6/20/2018
6/20/2018 17:13:04,Fly (veb),English,6/20/2018
6/20/2018 18:19:53,Hi,English,6/20/2018
6/20/2018 15:35:28,2,Sign,6/20/2018
6/22/2018 17:13:46,Oange,Chinese,6/22/2018
6/23/2018 17:53:35,Cat (mau),Chinese,6/23/2018
6/23/2018 18:39:47,Monkey (Mao Lo),Chinese,6/23/2018
6/24/2018 10:40:20,Jump,Chinese,6/24/2018
6/25/2018 8:15:14,Teeth (Nagh),Chinese,6/25/2018
7/3/2018 7:29:56,Cake (blowing out candles),Sign,6/25/2018
6/29/2018 18:32:09,Ant,Chinese,6/28/2018
6/29/2018 18:50:05,Kick,Chinese,6/28/2018
6/29/2018 18:50:20,oll,Chinese,6/28/2018
6/29/2018 18:50:36,Geen,Chinese,6/28/2018
6/29/2018 18:50:54,White,Chinese,6/29/2018
6/29/2018 18:51:11,Puple,Chinese,6/29/2018
6/30/2018 7:37:19,un (Pao),Chinese,6/30/2018
6/30/2018 7:39:40,Fly (stay),Chinese,6/30/2018
6/30/2018 14:58:50,Chicken egg (gai Dan),Chinese,6/30/2018
6/30/2018 15:37:26,Monkey (Mao Lo),Chinese,6/30/2018
6/30/2018 15:40:23,Lion (Ci ci),Chinese,6/30/2018
6/30/2018 17:14:32,Good night (tsa tao),Chinese,6/30/2018
6/30/2018 18:42:33,Chery pit,Chinese,6/30/2018
7/1/2018 12:07:21,Chees (pao),Chinese,6/30/2018
6/30/2018 15:42:56,Monkey (mono),Spanish,6/30/2018
7/1/2018 12:04:02,abbit (toe),Chinese,7/1/2018
8/6/2018 15:49:28,Big bother,Chinese,7/1/2018
7/1/2018 16:48:19,Black,English,7/1/2018
7/1/2018 7:32:35,Cat (gato),Spanish,7/1/2018
7/2/2018 11:01:36,Cow,Chinese,7/2/2018
7/2/2018 11:01:52,Hose (ma),Chinese,7/2/2018
7/2/2018 11:02:11,Tige (lo Foo),Chinese,7/2/2018
7/3/2018 7:28:39,Cake (Dan gao),Chinese,7/3/2018
7/4/2018 12:44:38,Yakult,Chinese,7/3/2018
7/4/2018 12:43:31,Snake,Chinese,7/4/2018
7/4/2018 17:12:50,Hot (yeat),Chinese,7/4/2018
7/4/2018 7:47:41,Cow,English,7/4/2018
7/5/2018 11:55:38,Face,Chinese,7/5/2018
7/5/2018 11:56:20,Open (hoy),Chinese,7/5/2018
7/5/2018 12:38:39,Goat,English,7/5/2018
7/5/2018 17:57:11,Geen (Verde),Spanish,7/5/2018
7/5/2018 17:57:23,Gandfather (Abuelo),Spanish,7/5/2018
7/7/2018 9:07:35,Blue (Azul),Spanish,7/7/2018
7/8/2018 15:00:26,Yellow (Amaillo),Spanish,7/8/2018
7/10/2018 9:43:26,Tickle,Chinese,7/10/2018
7/10/2018 21:04:32,Enough,Chinese,7/10/2018
7/10/2018 21:05:01,Cheese,Chinese,7/10/2018
7/10/2018 21:05:21,Open (abbe),Spanish,7/10/2018
7/11/2018 9:01:12,Pig,Chinese,7/11/2018
7/11/2018 9:01:23,Bid,Chinese,7/11/2018
7/11/2018 18:10:22,His Name,Chinese,7/11/2018
7/11/2018 9:01:03,Ban,English,7/11/2018
7/11/2018 9:02:30,Bee,English,7/11/2018
7/12/2018 22:23:18,TV,Chinese,7/12/2018
7/28/2018 13:42:11,Big (di),Chinese,7/13/2018
7/13/2018 7:19:50,Butte,English,7/13/2018
7/14/2018 7:31:31,ing (Gai tze),Chinese,7/14/2018
7/14/2018 7:53:41,Not (um),Chinese,7/14/2018
7/14/2018 7:42:19,Moose,English,7/14/2018
7/16/2018 16:39:40,Tickle,Chinese,7/16/2018
7/17/2018 7:11:24,Not yet (may),Chinese,7/17/2018
7/17/2018 7:11:51,no quantity (mo),Chinese,7/17/2018
7/17/2018 8:42:26,Dee,Chinese,7/17/2018
7/18/2018 16:55:47,White,English,7/18/2018
7/19/2018 22:31:32,ed (Hong),Chinese,7/19/2018
7/19/2018 7:27:55,Goat,English,7/19/2018
7/19/2018 22:35:06,Hello (hola),Spanish,7/19/2018
7/20/2018 8:25:48,Dee,Chinese,7/20/2018
7/20/2018 8:26:14,Camel,Chinese,7/20/2018
7/20/2018 8:25:39,Bea,Spanish,7/20/2018
7/21/2018 19:08:09,Buttefly,Chinese,7/21/2018
7/21/2018 7:06:55,Bown,English,7/21/2018
8/12/2018 18:46:07,Stick,Chinese,7/22/2018
7/22/2018 18:24:26,Open (abbe),Spanish,7/22/2018
7/23/2018 22:11:30,Big (di),Chinese,7/23/2018
7/23/2018 22:12:18,Not done (may),Chinese,7/23/2018
7/23/2018 22:12:54,Cary on back (may),Chinese,7/23/2018
7/23/2018 22:13:11,Hit (da),Chinese,7/23/2018
7/23/2018 22:13:49,Cow (wo ah),Chinese,7/23/2018
7/23/2018 22:14:01,Buttefly,Chinese,7/23/2018
7/23/2018 20:07:45,Cat (gato),Spanish,7/23/2018
7/24/2018 17:59:43,Go (tsao),Chinese,7/24/2018
7/24/2018 17:59:59,Elephant (dia Jong),Chinese,7/24/2018
7/24/2018 18:07:20,Sheep (yang),Chinese,7/24/2018
7/24/2018 18:07:40,Go to wok (fan gong),Chinese,7/24/2018
7/24/2018 19:39:40,Clock,Chinese,7/24/2018
7/24/2018 18:01:09,Hug,Sign,7/24/2018
7/29/2018 7:41:05,Hello on the phone (Wai),Chinese,7/29/2018
7/29/2018 8:06:28,Moe (dah di),Chinese,7/29/2018
7/29/2018 22:22:47,Bown (fe),Chinese,7/29/2018
7/29/2018 7:42:52,ead,English,7/29/2018
7/29/2018 7:43:01,That,English,7/29/2018
7/29/2018 22:23:04,That,English,7/29/2018
7/29/2018 22:24:00,ead,English,7/29/2018
7/31/2018 7:32:28,Cold,Chinese,7/30/2018
7/31/2018 7:32:39,Afaid,Chinese,7/30/2018
7/31/2018 7:32:12,Cat,English,7/31/2018
8/1/2018 17:56:00,Clap,English,8/1/2018
8/1/2018 17:56:23,Lap,English,8/1/2018
8/2/2018 16:30:47,Sheep,Chinese,8/2/2018
8/2/2018 16:30:35,Sheep,English,8/2/2018
8/3/2018 16:31:38,Gay,English,8/3/2018
8/4/2018 7:28:18,Lid,Chinese,8/4/2018
8/4/2018 8:52:32,Tail,Chinese,8/4/2018
8/4/2018 15:17:12,Wash (Sai),Chinese,8/4/2018
8/4/2018 16:52:34,Pick up,Chinese,8/4/2018
8/4/2018 17:35:39,Buy (mai),Chinese,8/4/2018
8/4/2018 17:45:34,Hold,Chinese,8/4/2018
8/9/2018 22:30:59,Scaed,Chinese,8/4/2018
8/4/2018 18:20:07,Deebot (the oomba vacuum),English,8/4/2018
8/6/2018 7:05:21,Pape,Chinese,8/6/2018
8/6/2018 8:19:06,Elephant,Chinese,8/6/2018
8/20/2018 19:10:47,Hose stance,Chinese,8/6/2018
8/23/2018 17:25:01,Close,Chinese,8/6/2018
8/7/2018 18:52:40,Swing,Chinese,8/7/2018
8/7/2018 22:26:00,Sand,Chinese,8/7/2018
8/7/2018 22:26:26,To take off (moc san),Chinese,8/7/2018
8/7/2018 7:38:28,Not,English,8/7/2018
8/7/2018 18:31:00,Soap,English,8/7/2018
8/7/2018 18:31:12,Goilla,English,8/7/2018
8/7/2018 18:31:37,Keys,Sign,8/7/2018
8/8/2018 12:48:15,Highe,Chinese,8/8/2018
8/8/2018 19:25:00,Hand (sow),Chinese,8/8/2018
8/14/2018 22:24:33,Cary (ma),Chinese,8/8/2018
8/8/2018 7:32:38,Light,English,8/8/2018
8/9/2018 8:45:20,Cawl,Chinese,8/9/2018
8/9/2018 19:40:10,Zeba (bon ma),Chinese,8/9/2018
8/9/2018 19:41:54,Hedgehog,Chinese,8/9/2018
8/9/2018 9:11:46,House,Spanish,8/9/2018
8/10/2018 15:03:04,Toy,English,8/10/2018
8/11/2018 8:35:37,Not yet (mai),Chinese,8/11/2018
8/11/2018 10:57:13,Hut (tong),Chinese,8/11/2018
8/11/2018 12:06:51,Highe,Chinese,8/11/2018
8/25/2018 7:12:46,Bag,Chinese,8/11/2018
8/11/2018 16:51:34,Pizza,English,8/11/2018
8/12/2018 7:30:10,Take off (moc),Chinese,8/12/2018
8/14/2018 22:24:14,Holding hands song (li li sow),Chinese,8/12/2018
8/13/2018 10:01:23,Hole,Chinese,8/13/2018
8/13/2018 9:22:09,Soap,English,8/13/2018
8/14/2018 16:37:10,Aunt,Chinese,8/14/2018
8/14/2018 16:37:19,Uncle,Chinese,8/14/2018
8/14/2018 17:53:58,Book (shi),Chinese,8/14/2018
8/14/2018 22:21:28,Wait (dang),Chinese,8/14/2018
8/14/2018 22:21:45,Undestand (zi doh),Chinese,8/14/2018
8/14/2018 22:23:45,Hold (tza),Chinese,8/14/2018
8/14/2018 22:29:29,Shut (san),Chinese,8/14/2018
8/14/2018 7:22:31,Toast,English,8/14/2018
8/14/2018 17:44:42,Bike,English,8/14/2018
8/14/2018 22:09:48,Goose,English,8/14/2018
8/14/2018 16:30:49,Hee (aqui),Spanish,8/14/2018
8/15/2018 7:15:03,Phone,English,8/15/2018
8/15/2018 7:15:14,Belt,English,8/15/2018
8/16/2018 18:33:00,Pick up,Chinese,8/16/2018
8/23/2018 22:14:00,Touch,Chinese,8/16/2018
8/17/2018 8:34:34,Help me,Chinese,8/17/2018
8/17/2018 11:23:21,Count,Chinese,8/17/2018
8/17/2018 18:23:05,Cake,English,8/17/2018
8/18/2018 16:49:10,Emily,English,8/17/2018
8/18/2018 12:22:36,Take off clothing (mok),Chinese,8/18/2018
8/18/2018 8:57:20,Bite,English,8/18/2018
8/18/2018 19:40:18,Guita,English,8/18/2018
8/18/2018 19:40:28,Baby gate,English,8/18/2018
8/19/2018 15:19:24,Chage,Chinese,8/19/2018
8/19/2018 15:19:33,Phone,Chinese,8/19/2018
8/19/2018 22:16:37,Play,Chinese,8/19/2018
8/19/2018 22:16:51,Aunty,Chinese,8/19/2018
9/9/2018 22:31:35,Oange,Chinese,8/19/2018
8/19/2018 15:32:31,Totoo,English,8/19/2018
8/19/2018 16:04:26,Lap,English,8/19/2018
8/19/2018 16:04:42,In,English,8/19/2018
8/19/2018 16:04:53,Chin,English,8/19/2018
8/19/2018 16:05:04,Clap,English,8/19/2018
9/9/2018 22:31:22,Pink,English,8/19/2018
8/20/2018 7:26:43,Cow,Chinese,8/20/2018
8/20/2018 10:32:43,Apple,Chinese,8/20/2018
8/20/2018 11:12:20,Leaf,Chinese,8/20/2018
8/20/2018 11:12:41,Bluebery,Chinese,8/20/2018
8/20/2018 18:57:45,Hole,Chinese,8/20/2018
8/20/2018 19:08:58,Teeth,Chinese,8/20/2018
8/20/2018 19:10:31,Shit,Chinese,8/20/2018
8/20/2018 19:11:45,Tom,English,8/20/2018
8/20/2018 19:11:59,Stewie,English,8/20/2018
8/21/2018 7:16:04,Look,Chinese,8/21/2018
8/21/2018 18:31:47,All done,English,8/21/2018
8/25/2018 22:40:07,Boom,English,8/22/2018
8/23/2018 16:18:14,To come out (chut lie),Chinese,8/23/2018
8/23/2018 16:18:26,Bluebery,Chinese,8/23/2018
8/23/2018 16:19:48,None,Chinese,8/23/2018
8/23/2018 17:22:12,Stool,Chinese,8/23/2018
8/23/2018 17:23:23,Pea (lie),Chinese,8/23/2018
8/23/2018 18:06:48,Jump,Chinese,8/23/2018
8/23/2018 16:17:34,Mommy,English,8/23/2018
8/23/2018 16:17:48,Back,English,8/23/2018
8/23/2018 17:22:48,Stool,English,8/23/2018
8/23/2018 18:06:59,Jump,English,8/23/2018
8/24/2018 17:45:31,Chai,Chinese,8/24/2018
8/24/2018 10:08:39,Both,English,8/24/2018
8/25/2018 7:48:56,Wate,Chinese,8/25/2018
8/25/2018 8:51:11,ing,Chinese,8/25/2018
8/25/2018 8:51:30,Bacelet,Chinese,8/25/2018
8/25/2018 17:14:26,Pou,Chinese,8/25/2018
8/25/2018 17:14:38,Sky,Chinese,8/25/2018
8/25/2018 17:15:36,Plate,Chinese,8/25/2018
8/25/2018 17:24:14,Nose,Chinese,8/25/2018
8/25/2018 17:24:49,Toes,Chinese,8/25/2018
8/25/2018 21:49:02,Kiss,Chinese,8/25/2018
8/25/2018 8:31:55,Apple,English,8/25/2018
8/25/2018 17:14:54,Sky,English,8/25/2018
8/25/2018 17:23:01,ing,English,8/25/2018
8/25/2018 17:48:21,9,English,8/25/2018
8/25/2018 21:46:41,Cawl,Sign,8/25/2018
8/26/2018 10:56:04,Cawl,Chinese,8/26/2018
8/26/2018 17:07:18,Butt,Chinese,8/26/2018
8/26/2018 7:29:36,Gape,English,8/26/2018
8/26/2018 16:33:13,Pizza,English,8/26/2018
8/26/2018 18:56:46,Bath,English,8/26/2018
8/27/2018 7:29:48,Blow,Chinese,8/27/2018
8/27/2018 18:29:48,Lid,Chinese,8/27/2018
8/27/2018 18:46:01,Please,Chinese,8/27/2018
8/27/2018 22:34:01,Look,Chinese,8/27/2018
8/27/2018 22:35:03,My,English,8/27/2018
8/28/2018 8:37:06,Spicy,Chinese,8/28/2018
8/28/2018 9:40:51,Sit,Chinese,8/28/2018
8/28/2018 9:41:17,Pak,Chinese,8/28/2018
8/28/2018 11:42:05,ainbow,Chinese,8/28/2018
8/28/2018 14:58:52,Sta,Chinese,8/28/2018
8/28/2018 7:11:47,Jump,English,8/28/2018
8/28/2018 7:22:29,Phone,English,8/28/2018
8/29/2018 18:05:54,Coin,Chinese,8/29/2018
8/29/2018 18:05:43,Coin,English,8/29/2018
8/29/2018 18:08:04,Want,English,8/29/2018
8/30/2018 7:15:31,Wate,Chinese,8/30/2018
8/30/2018 16:00:26,Catoon,Chinese,8/30/2018
8/30/2018 16:14:17,Tofu,Chinese,8/30/2018
8/30/2018 18:39:49,Boil,Chinese,8/30/2018
8/30/2018 18:40:00,Soup,Chinese,8/30/2018
8/30/2018 21:53:07,Finges,Chinese,8/30/2018
8/30/2018 21:53:17,3,Chinese,8/30/2018
8/30/2018 21:53:28,Toes,Chinese,8/30/2018
8/30/2018 21:53:37,5,Chinese,8/30/2018
8/30/2018 10:31:12,Mic,English,8/30/2018
8/30/2018 10:31:23,Off,English,8/30/2018
8/30/2018 18:38:42,On,English,8/30/2018
8/31/2018 8:56:27,Tommy,English,8/31/2018
8/31/2018 8:56:40,Emily,English,8/31/2018
8/31/2018 9:07:17,Hug,English,8/31/2018
8/31/2018 11:29:45,Goose,English,8/31/2018
8/31/2018 15:36:09,Mommy,English,8/31/2018
8/31/2018 17:59:09,Ding dong,English,8/31/2018
9/1/2018 7:07:12,Cat (gato),Spanish,8/31/2018
9/1/2018 18:45:31,Cantaloupe,Chinese,9/1/2018
9/1/2018 10:50:04,Sheep dog,English,9/1/2018
9/1/2018 10:50:26,Sheep,English,9/1/2018
9/1/2018 19:01:05,Sidewalk,English,9/1/2018
9/2/2018 12:57:17,3,English,9/2/2018
9/2/2018 12:59:37,Gape,English,9/2/2018
9/3/2018 9:29:33,Stand,Chinese,9/3/2018
9/3/2018 12:28:45,Blow,Chinese,9/3/2018
9/3/2018 12:36:09,Walk,Chinese,9/3/2018
9/3/2018 12:45:53,Pak,Chinese,9/3/2018
9/3/2018 7:05:00,ing,English,9/3/2018
9/3/2018 9:46:39,Kick,English,9/3/2018
9/3/2018 13:23:56,ainbow,English,9/3/2018
9/4/2018 8:31:14,Look,Chinese,9/4/2018
9/4/2018 8:31:26,Pess,Chinese,9/4/2018
9/4/2018 17:44:26,Teache,Chinese,9/4/2018
9/4/2018 18:23:49,Cawl,Chinese,9/4/2018
9/5/2018 18:19:30,Walk,Chinese,9/5/2018
9/5/2018 18:19:42,Dity,Chinese,9/5/2018
9/5/2018 18:19:49,Ea,Chinese,9/5/2018
9/5/2018 18:19:58,Nose,Chinese,9/5/2018
9/5/2018 18:20:12,Wash,Chinese,9/5/2018
9/5/2018 18:20:27,Wate,Chinese,9/5/2018
9/5/2018 22:08:28,Stand,Chinese,9/5/2018
9/5/2018 22:30:39,Hold,Chinese,9/5/2018
9/6/2018 16:07:31,Cy,Chinese,9/6/2018
9/7/2018 7:24:24,Watch,Chinese,9/7/2018
9/7/2018 19:29:12,Fog,Chinese,9/7/2018
9/7/2018 22:30:23,Piggyback ide,Chinese,9/7/2018
9/7/2018 7:30:54,Glove,English,9/7/2018
9/8/2018 15:30:00,1,Chinese,9/8/2018
9/8/2018 15:30:18,2,Chinese,9/8/2018
9/9/2018 22:29:20,Black,Chinese,9/9/2018
9/9/2018 22:30:00,3,Chinese,9/9/2018
9/9/2018 22:30:00,4,Chinese,9/9/2018
9/9/2018 22:30:00,5,Chinese,9/9/2018
9/9/2018 22:30:00,6,Chinese,9/9/2018
9/9/2018 22:30:00,7,Chinese,9/9/2018
9/9/2018 22:30:00,8,Chinese,9/9/2018
9/9/2018 22:30:00,9,Chinese,9/9/2018
9/9/2018 22:30:00,1,Chinese,9/9/2018
9/9/2018 22:30:00,2,Chinese,9/9/2018
9/9/2018 16:16:07,Now,English,9/9/2018
9/10/2018 19:17:43,Add oil,Chinese,9/10/2018
9/10/2018 10:48:38,Beep beep,English,9/10/2018
9/11/2018 18:56:49,Apple,Chinese,9/11/2018
9/11/2018 8:07:40,Teapot,English,9/11/2018
9/11/2018 18:56:40,Apple,English,9/11/2018
9/11/2018 19:28:55,Boomeang,English,9/11/2018
9/12/2018 17:56:42,Bite,Chinese,9/12/2018
9/12/2018 19:25:34,Lollipop,English,9/12/2018
9/12/2018 19:26:29,Beehive,English,9/12/2018
9/13/2018 7:06:01,Twist,Chinese,9/13/2018
9/13/2018 10:07:18,Con,Chinese,9/13/2018
9/13/2018 22:23:31,Age,Chinese,9/13/2018
9/13/2018 7:01:48,Wolfie,English,9/13/2018
9/13/2018 18:07:17,Owl,English,9/13/2018
9/13/2018 18:08:31,Guita,English,9/13/2018
9/13/2018 18:10:53,Banana,English,9/13/2018
9/14/2018 17:53:51,Ant,Chinese,9/14/2018
9/14/2018 17:48:11,Hey,English,9/14/2018
9/14/2018 17:48:23,Hey Google,English,9/14/2018
9/15/2018 12:53:05,Elephant,Animal sound,9/15/2018
9/15/2018 7:26:34,Pants,Chinese,9/15/2018
9/15/2018 7:32:06,Staw,English,9/15/2018
9/16/2018 18:36:31,Teacup,English,9/16/2018
9/17/2018 17:52:09,Dity,Chinese,9/17/2018
9/17/2018 22:16:10,Kick,Chinese,9/17/2018
9/17/2018 22:16:19,Bite,Chinese,9/17/2018
9/17/2018 22:16:30,Hit,Chinese,9/17/2018
9/17/2018 18:08:23,Poop,English,9/17/2018
9/18/2018 18:10:29,Chees,Chinese,9/18/2018
9/18/2018 18:31:57,Walk,Chinese,9/18/2018
9/18/2018 18:50:09,Teapot,Chinese,9/18/2018
9/19/2018 21:58:50,Carot,Chinese,9/19/2018
9/19/2018 21:59:03,Oange,Chinese,9/19/2018
9/19/2018 19:50:00,Call,English,9/19/2018
9/19/2018 20:37:08,Stop,English,9/19/2018
9/20/2018 19:03:34,Dinosau,Chinese,9/20/2018
9/20/2018 22:35:15,Cy,Chinese,9/20/2018
9/21/2018 7:30:55,Qva,English,9/20/2018
9/20/2018 22:30:30,Duck,Spanish,9/20/2018
9/21/2018 18:05:07,Chinese,Chinese,9/21/2018
9/21/2018 7:11:17,Sun (fom the it's bitsy spider),Sign,9/21/2018
9/21/2018 18:59:23,Milk,Spanish,9/21/2018
9/22/2018 7:52:13,Stick togethe,Chinese,9/22/2018
9/22/2018 8:06:46,Bush,Chinese,9/22/2018
9/22/2018 8:06:56,Teeth,Chinese,9/22/2018
9/22/2018 11:24:21,ock,English,9/22/2018
9/22/2018 15:30:51,Myself,Chinese,9/22/2018
9/23/2018 8:22:22,Pou,Chinese,9/23/2018
9/23/2018 17:07:21,Amina (fiend's name),English,8/18/2018
9/23/2018 17:11:19,Cow,English,9/23/2018
9/24/2018 18:18:08,Ok,English,9/21/2018
9/24/2018 20:07:39,Bother's name,Chinese,9/24/2018
9/24/2018 20:08:17,2,English,9/24/2018
9/24/2018 20:08:25,1,English,9/24/2018
9/24/2018 20:08:34,5,English,9/24/2018
9/25/2018 8:46:04,Waffle,English,9/25/2018
9/25/2018 8:51:21,Put,Chinese,9/25/2018
9/25/2018 18:16:02,Lizad,English,9/25/2018
9/25/2018 18:36:58,Feeze,English,9/25/2018
9/25/2018 18:54:47,Puple,English,9/25/2018
9/25/2018 22:28:16,un,Chinese,9/25/2018
9/25/2018 22:28:49,Hose,Animal Sound,5/9/2018
9/27/2018 7:34:26,Lie down,English,9/27/2018
9/27/2018 7:42:34,Little duck,Spanish,9/27/2018
9/27/2018 8:55:30,Docto,Chinese,9/27/2018
9/27/2018 8:55:46,Goldfish,Chinese,9/27/2018
9/27/2018 9:08:46,Light,Chinese,9/27/2018
9/27/2018 10:01:39,Thigh,Chinese,9/27/2018
9/27/2018 10:01:48,Nose,Chinese,9/27/2018
9/27/2018 10:02:01,Ea,Chinese,9/27/2018
9/27/2018 10:02:22,Eye,Chinese,9/23/2018
9/27/2018 10:02:34,Mouth,Chinese,9/23/2018
9/27/2018 17:22:01,Eat,Chinese,9/27/2018
9/27/2018 17:28:26,Cicle,Chinese,9/27/2018
9/27/2018 17:29:01,Cicle,English,9/27/2018
9/27/2018 17:30:26,Pak,English,9/27/2018
9/27/2018 17:31:13,Bak (üêï),English,9/27/2018
9/27/2018 17:33:59,School,Chinese,9/27/2018
9/28/2018 7:45:34,Touch,Chinese,9/28/2018
9/28/2018 7:45:47,Diape,Chinese,9/28/2018
9/28/2018 18:03:48,Gandpa,Spanish,9/28/2018
9/28/2018 18:04:41,Count,Chinese,9/28/2018
9/28/2018 18:07:54,abbit,Spanish,9/28/2018
9/28/2018 18:08:09,Up,Spanish,9/28/2018
9/28/2018 18:08:49,Down,Spanish,9/28/2018
9/28/2018 18:09:17,Pig,Spanish,9/28/2018
9/28/2018 18:12:50,Time,English,9/27/2018
9/28/2018 18:17:18,Yes,Spanish,9/28/2018
9/29/2018 7:30:33,Guita,English,9/29/2018
9/29/2018 7:30:57,Uncle,Chinese,9/28/2018
9/29/2018 7:31:31,Stewie,English,9/29/2018
9/29/2018 7:38:33,Bag,Chinese,9/29/2018
9/29/2018 8:02:12,Hold,Chinese,9/29/2018
